INSERT INTO sys_user (id,organization_id,username, password , salt , role_ids , group_ids , locked ) VALUES (1,1,'admin','d3c59d25033dbf980d29554025c23a75','8d78869f470951332959580424d4bf4f','1','1',false);
INSERT INTO  sys_user  ( id , organization_id , username , password , salt , role_ids , group_ids , locked ) VALUES (2,2,'ceshi','c067bee5cf7f216f352011cb9064241e','2632e0a577dba732bbfb4b298ff0b6e5','4','1',false);
INSERT INTO  sys_user  ( id , organization_id , username , password , salt , role_ids , group_ids , locked ) VALUES (3,4,'ceshi22323','f0c6227912db35e27eaa82308be055cd','a2425da3d41a6ef79a1ec69a7d845767','1','1',false);
INSERT INTO  sys_user  ( id , organization_id , username , password , salt , role_ids , group_ids , locked ) VALUES (4,3,'guest22223','6622b95a30cf730253550985718102bc','7de124e9822c092d56750969eebcf260','1,2','1',false);
INSERT INTO  sys_user  ( id , organization_id , username , password , salt , role_ids , group_ids , locked ) VALUES (5,3,'guest','fdd97263888fb3767d55ff084751c125','9f1bdc22981ae8730e89f94d241a73cc','2','1',false);
INSERT INTO  sys_user  ( id , organization_id , username , password , salt , role_ids , group_ids , locked ) VALUES (6,14,'12434','f17bf5e211de8a5cb611c4b6d83b728b','ffb57814a69d37ec1898282d4090cbfc','2','1',false);
INSERT INTO  sys_user  ( id , organization_id , username , password , salt , role_ids , group_ids , locked ) VALUES (7,3,'admin212','f51764c4e21a7226f92ce79bef273a33','b184db3641404a412c28d0863f46054e','2,4','1',false);
INSERT INTO  sys_user  ( id , organization_id , username , password , salt , role_ids , group_ids , locked ) VALUES (8,4,'1208','0aff55b46e9c7f91f622c0f579f6b43f','3f83092c188d3de0695d260aec6ac4c1','1,2,4,5','1',false);
INSERT INTO  sys_user  ( id , organization_id , username , password , salt , role_ids , group_ids , locked ) VALUES (9,14,'12234343','3e5657ac9987290841d99ed6f575f4e0','b48f560c40f4a53a0793184e45992f3d','1,2,4,5','1',false);
INSERT INTO  sys_user  ( id , organization_id , username , password , salt , role_ids , group_ids , locked ) VALUES (10,3,'ada','150f2974610a97f26f9f295329e24afc','ec55c34cc25616aff30c0cc08f43f9eb','2,4,5','1',false);
INSERT INTO  sys_user  ( id , organization_id , username , password , salt , role_ids , group_ids , locked ) VALUES (11,3,'232323','4ffa547335faf5b18ccff6e9a227af88','8e3272e3ac9aac76370af12692f993ce','1,2','1',false);
INSERT INTO  sys_user  ( id , organization_id , username , password , salt , role_ids , group_ids , locked ) VALUES (12,3,'ceshcie','cca5985abc9a89f4d29e2e02aa6afca2','b789c54f40d592cdeaa17c452cee27b2','4','1',false);
INSERT INTO  sys_user  ( id , organization_id , username , password , salt , role_ids , group_ids , locked ) VALUES (13,3,'1233445','6283a19b895a571a2637a3bec3215cf3','34245e29965cfcd25da1fa671f5047d3','2','1',false);
INSERT INTO  sys_user  ( id , organization_id , username , password , salt , role_ids , group_ids , locked ) VALUES (14,3,'12334','677a3e446421395315aeb52844959acd','4e8f403e236e5910a2d13532796963bd','4','1',false);
INSERT INTO  sys_user  ( id , organization_id , username , password , salt , role_ids , group_ids , locked ) VALUES (15,3,'1221','3a7b7a1d99a5e23fb9f9e1e88da499b0','f91e00aadbdea44b8d3a18f490173eb6','1','1',false);
INSERT INTO  sys_user  ( id , organization_id , username , password , salt , role_ids , group_ids , locked ) VALUES (16,3,'123456','2aa2c7bf65db34867eb4fd7a49b8b18f','685e4e4a2a9d57ccb2a3bd24ee01691a','5','1',false);

INSERT INTO  sys_role  ( id , role , description , resource_ids , available ) VALUES (1,'admin','超级管理员','11,21,31,41,46,69,70,83',false);
INSERT INTO  sys_role  ( id , role , description , resource_ids , available ) VALUES (2,'guest','访客','15,25,35,45',false);
INSERT INTO  sys_role  ( id , role , description , resource_ids , available ) VALUES (4,'ceshi3','测试的角色','12,14,34,35',false);
INSERT INTO  sys_role  ( id , role , description , resource_ids , available ) VALUES (5,'test','测试角色','12,13,14,43,47',false);
INSERT INTO  sys_role  ( id , role , description , resource_ids , available ) VALUES (6,'测试1','222','73',false);

INSERT INTO  sys_group  ( id , name , type , description ) VALUES (1,'第一组','GROUP_1','第一组描述');
INSERT INTO  sys_group  ( id , name , type , description ) VALUES (2,'第二组','GROUP_2','第二组描述');
INSERT INTO  sys_group  ( id , name , type , description ) VALUES (3, '第三组','GROUP_3','第三组描述');

INSERT INTO  sys_organization  ( id , name , parent_id , parent_ids , available , priority , leaf ) VALUES (1,'总公司',0,'0/',true,0,false);
INSERT INTO  sys_organization  ( id , name , parent_id , parent_ids , available , priority , leaf ) VALUES (2,'分公司',1,'0/1/',true,1,false);
INSERT INTO  sys_organization  ( id , name , parent_id , parent_ids , available , priority , leaf ) VALUES (3,'分公司33',1,'0/1/',true,23,false);
INSERT INTO  sys_organization  ( id , name , parent_id , parent_ids , available , priority , leaf ) VALUES (4,'分公司10',2,'0/1/2/',true,221,false);
INSERT INTO  sys_organization  ( id , name , parent_id , parent_ids , available , priority , leaf ) VALUES (5,'一级节点',1,'0/1/',true,122,false);
INSERT INTO  sys_organization  ( id , name , parent_id , parent_ids , available , priority , leaf ) VALUES (6,'二级节点',17,'0/1/17/',true,NULL,false);
INSERT INTO  sys_organization  ( id , name , parent_id , parent_ids , available , priority , leaf ) VALUES (7,'三级节点',18,'0/1/17/18/',false,NULL,false);

INSERT INTO  sys_resource  ( id , name , type , url , parent_id , parent_ids , permission , available , icon , priority , leaf ) VALUES (1,'资源','MENU','#',0,'0/','',true,'',0,false);
INSERT INTO  sys_resource  ( id , name , type , url , parent_id , parent_ids , permission , available , icon , priority , leaf ) VALUES (11,'组织机构管理','MENU','#',1,'0/1/','organization:*',true,'fa fa-sitemap',3,false);
INSERT INTO  sys_resource  ( id , name , type , url , parent_id , parent_ids , permission , available , icon , priority , leaf ) VALUES (12,'组织机构新增','BUTTON','',11,'0/1/11/','organization:create',true,NULL,NULL,false);
INSERT INTO  sys_resource  ( id , name , type , url , parent_id , parent_ids , permission , available , icon , priority , leaf ) VALUES (13,'组织机构修改','BUTTON','',11,'0/1/11/','organization:update',true,NULL,NULL,false);
INSERT INTO  sys_resource  ( id , name , type , url , parent_id , parent_ids , permission , available , icon , priority , leaf ) VALUES (14,'组织机构删除','BUTTON','',11,'0/1/11/','organization:delete',true,NULL,NULL,false);
INSERT INTO  sys_resource  ( id , name , type , url , parent_id , parent_ids , permission , available , icon , priority , leaf ) VALUES (15,'组织机构查看','BUTTON','',11,'0/1/11/','organization:view',true,NULL,NULL,false);
INSERT INTO  sys_resource  ( id , name , type , url , parent_id , parent_ids , permission , available , icon , priority , leaf ) VALUES (21,'用户管理','MENU','#',1,'0/1/','',true,'fa fa-user',1,false);
INSERT INTO  sys_resource  ( id , name , type , url , parent_id , parent_ids , permission , available , icon , priority , leaf ) VALUES (22,'用户新增','BUTTON','',46,'0/1/21/','user:create',true,NULL,NULL,false);
INSERT INTO  sys_resource  ( id , name , type , url , parent_id , parent_ids , permission , available , icon , priority , leaf ) VALUES (23,'用户修改','BUTTON','',46,'0/1/21/','user:update',true,'',NULL,false);
INSERT INTO  sys_resource  ( id , name , type , url , parent_id , parent_ids , permission , available , icon , priority , leaf ) VALUES (24,'用户删除','BUTTON','',46,'0/1/21/','user:delete',true,NULL,NULL,false);
INSERT INTO  sys_resource  ( id , name , type , url , parent_id , parent_ids , permission , available , icon , priority , leaf ) VALUES (25,'用户查看','BUTTON','',46,'0/1/21/','user:view',true,NULL,NULL,false);
INSERT INTO  sys_resource  ( id , name , type , url , parent_id , parent_ids , permission , available , icon , priority , leaf ) VALUES (31,'资源管理','MENU','#',1,'0/1/','resource:*',true,'fa fa-desktop',2,false);
INSERT INTO  sys_resource  ( id , name , type , url , parent_id , parent_ids , permission , available , icon , priority , leaf ) VALUES (32,'资源新增','BUTTON','',31,'0/1/31/','resource:create',true,NULL,NULL,false);
INSERT INTO  sys_resource  ( id , name , type , url , parent_id , parent_ids , permission , available , icon , priority , leaf ) VALUES (33,'资源修改','BUTTON','',31,'0/1/31/','resource:update',true,'',NULL,false);
INSERT INTO  sys_resource  ( id , name , type , url , parent_id , parent_ids , permission , available , icon , priority , leaf ) VALUES (34,'资源删除','BUTTON','',31,'0/1/31/','resource:delete',true,NULL,NULL,false);
INSERT INTO  sys_resource  ( id , name , type , url , parent_id , parent_ids , permission , available , icon , priority , leaf ) VALUES (35,'资源查看','BUTTON','',31,'0/1/31/','resource:view',true,NULL,NULL,false);
INSERT INTO  sys_resource  ( id , name , type , url , parent_id , parent_ids , permission , available , icon , priority , leaf ) VALUES (41,'角色管理','MENU','#role',21,'0/1/','role:*',true,'fa fa-child',2,true);
INSERT INTO  sys_resource  ( id , name , type , url , parent_id , parent_ids , permission , available , icon , priority , leaf ) VALUES (42,'角色新增','BUTTON','',41,'0/1/41/','role:create',true,NULL,NULL,false);
INSERT INTO  sys_resource  ( id , name , type , url , parent_id , parent_ids , permission , available , icon , priority , leaf ) VALUES (43,'角色修改','BUTTON','',41,'0/1/41/','role:update',true,NULL,NULL,false);
INSERT INTO  sys_resource  ( id , name , type , url , parent_id , parent_ids , permission , available , icon , priority , leaf ) VALUES (44,'角色删除','BUTTON','',41,'0/1/41/','role:delete',true,NULL,NULL,false);
INSERT INTO  sys_resource  ( id , name , type , url , parent_id , parent_ids , permission , available , icon , priority , leaf ) VALUES (45,'角色查看','BUTTON','',41,'0/1/41/','role:view',true,NULL,NULL,false);
INSERT INTO  sys_resource  ( id , name , type , url , parent_id , parent_ids , permission , available , icon , priority , leaf ) VALUES (46,'系统用户','MENU','#user',21,'0/1/11/','user:*',true,'fa fa-wrench',1,true);
INSERT INTO  sys_resource  ( id , name , type , url , parent_id , parent_ids , permission , available , icon , priority , leaf ) VALUES (47,'组织机构','MENU','#organization',11,'0/1/11/','organization:*',true,'fa fa-suitcase',NULL,true);
INSERT INTO  sys_resource  ( id , name , type , url , parent_id , parent_ids , permission , available , icon , priority , leaf ) VALUES (50,'资源管理','MENU','#resource',31,'0/1/','resource:*',true,'fa fa-cubes',NULL,true);
INSERT INTO  sys_resource  ( id , name , type , url , parent_id , parent_ids , permission , available , icon , priority , leaf ) VALUES (69,'系统管理','MENU','#',1,'0/1/','system:*',true,'fa fa-wrench',4,false);
INSERT INTO  sys_resource  ( id , name , type , url , parent_id , parent_ids , permission , available , icon , priority , leaf ) VALUES (70,'系统日志','MENU','#log',69,'0/1/69/','log:*',true,'fa fa-history',NULL,true);
INSERT INTO  sys_resource  ( id , name , type , url , parent_id , parent_ids , permission , available , icon , priority , leaf ) VALUES (73,'一级菜单','MENU','#',1,'0/1/','',true,'',999,false);
INSERT INTO  sys_resource  ( id , name , type , url , parent_id , parent_ids , permission , available , icon , priority , leaf ) VALUES (83,'用户组管理','MENU','#group',21,'0/1/21/','group:*',true,'fa fa-users',3,false);
INSERT INTO  sys_resource  ( id , name , type , url , parent_id , parent_ids , permission , available , icon , priority , leaf ) VALUES (84,'用户组新增','BUTTON','',83,'0/1/21/83/','group:create',true,'',NULL,false);
INSERT INTO  sys_resource  ( id , name , type , url , parent_id , parent_ids , permission , available , icon , priority , leaf ) VALUES (85,'用户组修改','BUTTON','',83,'0/1/21/83/','group:update',true,'',NULL,false);
INSERT INTO  sys_resource  ( id , name , type , url , parent_id , parent_ids , permission , available , icon , priority , leaf ) VALUES (86,'用户组删除','BUTTON','',83,'0/1/21/83/','group:delete',true,'',NULL,false);
INSERT INTO  sys_resource  ( id , name , type , url , parent_id , parent_ids , permission , available , icon , priority , leaf ) VALUES (87,'用户组查看','BUTTON','#',83,'0/1/21/83/','group:view',true,'',NULL,false);
INSERT INTO  sys_resource  ( id , name , type , url , parent_id , parent_ids , permission , available , icon , priority , leaf ) VALUES (88,'百度','MENU','https://www.baidu.com',73,'0/1/73/','',true,'',NULL,false);
